封面,介绍,售价,类目,时间,状态
http://www.dhresource.com/fc/s009/zougang/NA8/48.jpg,Twins Mini Bluetooth Earphone,建议售价： US $3.9 / Piece- US $12.0 / Piece,所属类目： 手机和手机附件(Cell Phones & Accessories)>手机附件(Cell Phone Accessories)>耳机(Cell Phone Earphones),发布时间：2019-02-26 19:46:41,状态： 集结已结束
http://www.dhresource.com/fc/s009/zougang/NA8/54.jpg,Cell Phone Keyboards,建议售价： US $8.9 / Piece- US $30.9 / Piece,所属类目： 手机和手机附件(Cell Phones & Accessories)>手机附件(Cell Phone Accessories)>手机外接键盘(Cell Phone Keyboards),发布时间：2019-02-26 19:46:41,状态： 集结已结束
http://www.dhresource.com/fc/s009/zougang/NA8/52.jpg,Cell Phone Chargers,建议售价： US $0.3 / Piece- US $9.1 / Piece,所属类目： 手机和手机附件(Cell Phones & Accessories)>手机附件(Cell Phone Accessories)>手机充电器(Cell Phone Chargers),发布时间：2019-02-26 19:46:41,状态： 集结已结束
http://www.dhresource.com/fc/s009/zougang/NA8/58.jpg,STYLES ANIMAL CABLE BITES,建议售价： US $0.3 / Piece- US $9.1 / Piece,所属类目： 手机和手机附件(Cell Phones & Accessories)>手机附件(Cell Phone Accessories)>手机挂件和装饰品(Cell Phone Straps & Charms),发布时间：2019-02-26 19:46:41,状态： 集结已结束
http://www.dhresource.com/fc/s009/zougang/NA8/56.jpg,Mobile power supply wireless charge.,建议售价： US $5.9 / Piece- US $20.9 / Piece,所属类目： 手机和手机附件(Cell Phones & Accessories)>手机附件(Cell Phone Accessories)>手机移动电源(Cell Phone Power Banks),发布时间：2019-02-26 19:46:41,状态： 集结已结束
http://www.dhresource.com/fc/s009/zougang/NA8/49.jpg,Wireless charger,建议售价： US $3.9 / Piece- US $10.0 / Piece,所属类目： 手机和手机附件(Cell Phones & Accessories)>手机附件(Cell Phone Accessories)>手机充电器(Cell Phone Chargers),发布时间：2019-02-26 19:46:41,状态： 集结已结束
http://www.dhresource.com/fc/s009/zougang/NA8/62.jpg,phone package,建议售价： US $0.3 / Piece- US $9.3 / Piece,所属类目： 手机和手机附件(Cell Phones & Accessories)>手机附件(Cell Phone Accessories)>手机包(Cell Phone Pouches),发布时间：2019-02-26 19:46:41,状态： 集结已结束
http://www.dhresource.com/fc/s009/zougang/NA8/55.jpg,Cell Phone Power Banks,建议售价： US $3.9 / Piece- US $8.9 / Piece,所属类目： 手机和手机附件(Cell Phones & Accessories)>手机附件(Cell Phone Accessories)>手机移动电源(Cell Phone Power Banks),发布时间：2019-02-26 19:46:41,状态： 集结已结束
http://www.dhresource.com/fc/s009/zougang/NA8/53.jpg,Mobile phone support,建议售价： US $3.9 / Piece- US $8.9 / Piece,所属类目： 手机和手机附件(Cell Phones & Accessories)>手机附件(Cell Phone Accessories)>手机支架/底座(Cell Phone Mounts & Holders),发布时间：2019-02-26 19:46:41,状态： 集结已结束
http://www.dhresource.com/fc/s009/zougang/NA8/59.jpg,Earphones protector,建议售价： US $0.3 / Piece- US $9.2 / Piece,所属类目： 手机和手机附件(Cell Phones & Accessories)>手机附件(Cell Phone Accessories)>耳机配件(Earphone Accessories),发布时间：2019-02-26 19:46:41,状态： 集结已结束
http://www.dhresource.com/fc/s009/zougang/NA8/48.jpg,Twins Mini Bluetooth Earphone,建议售价： US $3.9 / Piece- US $12.0 / Piece,所属类目： 手机和手机附件(Cell Phones & Accessories)>手机附件(Cell Phone Accessories)>耳机(Cell Phone Earphones),发布时间：2019-02-26 19:46:41,状态： 集结已结束
http://www.dhresource.com/fc/s009/zougang/NA8/54.jpg,Cell Phone Keyboards,建议售价： US $8.9 / Piece- US $30.9 / Piece,所属类目： 手机和手机附件(Cell Phones & Accessories)>手机附件(Cell Phone Accessories)>手机外接键盘(Cell Phone Keyboards),发布时间：2019-02-26 19:46:41,状态： 集结已结束
http://www.dhresource.com/fc/s009/zougang/NA8/52.jpg,Cell Phone Chargers,建议售价： US $0.3 / Piece- US $9.1 / Piece,所属类目： 手机和手机附件(Cell Phones & Accessories)>手机附件(Cell Phone Accessories)>手机充电器(Cell Phone Chargers),发布时间：2019-02-26 19:46:41,状态： 集结已结束
http://www.dhresource.com/fc/s009/zougang/NA8/58.jpg,STYLES ANIMAL CABLE BITES,建议售价： US $0.3 / Piece- US $9.1 / Piece,所属类目： 手机和手机附件(Cell Phones & Accessories)>手机附件(Cell Phone Accessories)>手机挂件和装饰品(Cell Phone Straps & Charms),发布时间：2019-02-26 19:46:41,状态： 集结已结束
http://www.dhresource.com/fc/s009/zougang/NA8/56.jpg,Mobile power supply wireless charge.,建议售价： US $5.9 / Piece- US $20.9 / Piece,所属类目： 手机和手机附件(Cell Phones & Accessories)>手机附件(Cell Phone Accessories)>手机移动电源(Cell Phone Power Banks),发布时间：2019-02-26 19:46:41,状态： 集结已结束
http://www.dhresource.com/fc/s009/zougang/NA8/49.jpg,Wireless charger,建议售价： US $3.9 / Piece- US $10.0 / Piece,所属类目： 手机和手机附件(Cell Phones & Accessories)>手机附件(Cell Phone Accessories)>手机充电器(Cell Phone Chargers),发布时间：2019-02-26 19:46:41,状态： 集结已结束
http://www.dhresource.com/fc/s009/zougang/NA8/62.jpg,phone package,建议售价： US $0.3 / Piece- US $9.3 / Piece,所属类目： 手机和手机附件(Cell Phones & Accessories)>手机附件(Cell Phone Accessories)>手机包(Cell Phone Pouches),发布时间：2019-02-26 19:46:41,状态： 集结已结束
http://www.dhresource.com/fc/s009/zougang/NA8/55.jpg,Cell Phone Power Banks,建议售价： US $3.9 / Piece- US $8.9 / Piece,所属类目： 手机和手机附件(Cell Phones & Accessories)>手机附件(Cell Phone Accessories)>手机移动电源(Cell Phone Power Banks),发布时间：2019-02-26 19:46:41,状态： 集结已结束
http://www.dhresource.com/fc/s009/zougang/NA8/53.jpg,Mobile phone support,建议售价： US $3.9 / Piece- US $8.9 / Piece,所属类目： 手机和手机附件(Cell Phones & Accessories)>手机附件(Cell Phone Accessories)>手机支架/底座(Cell Phone Mounts & Holders),发布时间：2019-02-26 19:46:41,状态： 集结已结束
http://www.dhresource.com/fc/s009/zougang/NA8/59.jpg,Earphones protector,建议售价： US $0.3 / Piece- US $9.2 / Piece,所属类目： 手机和手机附件(Cell Phones & Accessories)>手机附件(Cell Phone Accessories)>耳机配件(Earphone Accessories),发布时间：2019-02-26 19:46:41,状态： 集结已结束
http://www.dhresource.com/fc/s009/zougang/NA8/60.jpg,Portable data cable,建议售价： US $0.3 / Piece- US $9.3 / Piece,所属类目： 手机和手机附件(Cell Phones & Accessories)>手机附件(Cell Phone Accessories)>手机线材(Cell Phone Cables),发布时间：2019-02-26 19:46:41,状态： 集结已结束
http://www.dhresource.com/fc/s009/zougang/NA8/57.jpg,Mobile phone card,建议售价： US $5.9 / Piece- US $20.1 / Piece,所属类目： 手机和手机附件(Cell Phones & Accessories)>手机附件(Cell Phone Accessories)>手机存储卡及手机U盘(Cell Phone Memory Cards & Usb Stick),发布时间：2019-02-26 19:46:41,状态： 集结已结束
http://www.dhresource.com/fc/s009/zougang/NA8/69.jpg,Blackview BV5500 2GB+16GB,建议售价： US $79.0 / Piece- US $130.0 / Piece,所属类目： 手机和手机附件(Cell Phones & Accessories)>手机(Cell Phones),发布时间：2019-02-26 19:46:41,状态： 集结已结束
http://www.dhresource.com/fc/s009/zougang/NA8/63.jpg,S10 Cases,建议售价： US $0.3 / Piece- US $9.3 / Piece,所属类目： 手机和手机附件(Cell Phones & Accessories)>手机附件(Cell Phone Accessories)>手机保护壳/皮套/臂带(Cell Phone Cases),发布时间：2019-02-26 19:46:41,状态： 集结已结束
http://www.dhresource.com/fc/s009/zougang/NA8/61.jpg,Magnetic phone case,建议售价： US $1.9 / Piece- US $20.1 / Piece,所属类目： 手机和手机附件(Cell Phones & Accessories)>手机附件(Cell Phone Accessories)>手机保护壳/皮套/臂带(Cell Phone Cases),发布时间：2019-02-26 19:46:41,状态： 集结已结束
http://www.dhresource.com/fc/s009/zougang/NA8/68.jpg,DOOGEE Y8 Android 9.0,建议售价： US $79.99 / Piece- US $87.98 / Piece,所属类目： 手机和手机附件(Cell Phones & Accessories)>手机(Cell Phones),发布时间：2019-02-26 19:46:41,状态： 集结已结束
http://www.dhresource.com/fc/s009/zougang/NA8/27.jpg,Creative cotton filled PU key chain,建议售价： US $0.75 / Piece- US $1.2 / Piece,所属类目： 手机和手机附件(Cell Phones & Accessories)>手机附件(Cell Phone Accessories)>手机挂件和装饰品(Cell Phone Straps & Charms),发布时间：2019-02-26 19:46:40,状态： 集结已结束
http://www.dhresource.com/fc/s009/zougang/NA8/26.jpg,Silicone Cell Phone Lanyard Holder Case Cover,建议售价： US $0.75 / Piece- US $1.2 / Piece,所属类目： 手机和手机附件(Cell Phones & Accessories)>手机附件(Cell Phone Accessories)>手机挂件和装饰品(Cell Phone Straps & Charms),发布时间：2019-02-26 19:46:40,状态： 集结已结束
http://www.dhresource.com/fc/s009/zougang/NA8/28.jpg,Cartoon resin key chain pendant,建议售价： US $0.5 / Piece- US $1.2 / Piece,所属类目： 手机和手机附件(Cell Phones & Accessories)>手机附件(Cell Phone Accessories)>手机挂件和装饰品(Cell Phone Straps & Charms),发布时间：2019-02-26 19:46:40,状态： 集结已结束
http://www.dhresource.com/fc/s009/zougang/NA8/30.jpg,mini power bank,建议售价： US $1.39 / Piece- US $2.5 / Piece,所属类目： 手机和手机附件(Cell Phones & Accessories)>手机附件(Cell Phone Accessories)>手机移动电源(Cell Phone Power Banks),发布时间：2019-02-26 19:46:40,状态： 集结已结束
http://www.dhresource.com/fc/s009/zougang/NA8/35.jpg,4-Port USB 3.0 Male To Female Hub Adapter,建议售价： US $3.5 / Piece- US $10.08 / Piece,所属类目： 手机和手机附件(Cell Phones & Accessories)>手机附件(Cell Phone Accessories)>手机适配器/转接头(Cell Phone Adapters),发布时间：2019-02-26 19:46:40,状态： 集结已结束
http://www.dhresource.com/fc/s009/zougang/NA8/33.jpg,USB-C Type-C To USB OTG Mini Adapter,建议售价： US $0.38 / Piece- US $0.53 / Piece,所属类目： 手机和手机附件(Cell Phones & Accessories)>手机附件(Cell Phone Accessories)>手机适配器/转接头(Cell Phone Adapters),发布时间：2019-02-26 19:46:40,状态： 集结已结束
http://www.dhresource.com/fc/s009/zougang/NA8/39.jpg,Bluetooth intelligent robot,建议售价： US $20.99 / Piece- US $25.99 / Piece,所属类目： 手机和手机附件(Cell Phones & Accessories)>手机附件(Cell Phone Accessories)>手机蓝牙设备(Cell Phone Bluetooth Device),发布时间：2019-02-26 19:46:40,状态： 集结已结束
http://www.dhresource.com/fc/s009/zougang/NA8/29.jpg,Qi Wireless Power Bank 10000 mAh,建议售价： US $9.5 / Piece- US $10.58 / Piece,所属类目： 手机和手机附件(Cell Phones & Accessories)>手机附件(Cell Phone Accessories)>手机移动电源(Cell Phone Power Banks),发布时间：2019-02-26 19:46:40,状态： 集结已结束
http://www.dhresource.com/fc/s009/zougang/NA8/37.jpg,Wireless Bluetooth Keychain Tracker,建议售价： US $2.5 / Piece- US $7.37 / Piece,所属类目： 手机和手机附件(Cell Phones & Accessories)>手机附件(Cell Phone Accessories)>手机蓝牙设备(Cell Phone Bluetooth Device),发布时间：2019-02-26 19:46:40,状态： 集结已结束
http://www.dhresource.com/fc/s009/zougang/NA8/31.jpg,xiaomi power bank,建议售价： US $32.99 / Piece- US $60.99 / Piece,所属类目： 手机和手机附件(Cell Phones & Accessories)>手机附件(Cell Phone Accessories)>手机移动电源(Cell Phone Power Banks),发布时间：2019-02-26 19:46:41,状态： 集结已结束
http://www.dhresource.com/fc/s009/zougang/NA8/43.jpg,Bluetooth Headphones Receiver,建议售价： US $9.0 / Piece- US $15.99 / Piece,所属类目： 手机和手机附件(Cell Phones & Accessories)>手机附件(Cell Phone Accessories)>手机蓝牙设备(Cell Phone Bluetooth Device),发布时间：2019-02-26 19:46:41,状态： 集结已结束
http://www.dhresource.com/fc/s009/zougang/NA8/34.jpg,Type-C Female Connector to Micro USB,建议售价： US $0.38 / Piece- US $0.53 / Piece,所属类目： 手机和手机附件(Cell Phones & Accessories)>手机附件(Cell Phone Accessories)>手机适配器/转接头(Cell Phone Adapters),发布时间：2019-02-26 19:46:41,状态： 集结已结束
http://www.dhresource.com/fc/s009/zougang/NA8/41.jpg,Usb Stick,建议售价： US $2.25 / Piece- US $16.86 / Piece,所属类目： 手机和手机附件(Cell Phones & Accessories)>手机附件(Cell Phone Accessories)>手机存储卡及手机U盘(Cell Phone Memory Cards & Usb Stick),发布时间：2019-02-26 19:46:41,状态： 集结已结束
http://www.dhresource.com/fc/s009/zougang/NA8/32.jpg,Baseus LCD Quick Charge Power Bank,建议售价： US $18.0 / Piece- US $33.15 / Piece,所属类目： 手机和手机附件(Cell Phones & Accessories)>手机附件(Cell Phone Accessories)>手机移动电源(Cell Phone Power Banks),发布时间：2019-02-26 19:46:41,状态： 集结已结束
http://www.dhresource.com/fc/s009/zougang/NA8/47.jpg,TWS Wireless Earbuds,建议售价： US $3.9 / Piece- US $28.1 / Piece,所属类目： 手机和手机附件(Cell Phones & Accessories)>手机附件(Cell Phone Accessories)>耳机(Cell Phone Earphones),发布时间：2019-02-26 19:46:41,状态： 集结已结束
http://www.dhresource.com/fc/s009/zougang/NA8/38.jpg,Bluetooth anti-loss device,建议售价： US $1.0 / Piece- US $2.0 / Piece,所属类目： 手机和手机附件(Cell Phones & Accessories)>手机附件(Cell Phone Accessories)>手机蓝牙设备(Cell Phone Bluetooth Device),发布时间：2019-02-26 19:46:41,状态： 集结已结束
http://www.dhresource.com/fc/s009/zougang/NA8/45.jpg,Cell Phone Earphones,建议售价： US $3.9 / Piece- US $28.1 / Piece,所属类目： 手机和手机附件(Cell Phones & Accessories)>手机附件(Cell Phone Accessories)>耳机(Cell Phone Earphones),发布时间：2019-02-26 19:46:41,状态： 集结已结束
http://www.dhresource.com/fc/s009/zougang/NA8/36.jpg,Wireless Car Bluetooth kit,建议售价： US $1.05 / Piece- US $2.5 / Piece,所属类目： 手机和手机附件(Cell Phones & Accessories)>手机附件(Cell Phone Accessories)>手机蓝牙设备(Cell Phone Bluetooth Device),发布时间：2019-02-26 19:46:41,状态： 集结已结束
http://www.dhresource.com/fc/s009/zougang/NA8/50.jpg,Wireless Charger Car Wireless Charger Gravity Car Holder,建议售价： US $4.9 / Piece- US $30.0 / Piece,所属类目： 手机和手机附件(Cell Phones & Accessories)>手机附件(Cell Phone Accessories)>手机充电器(Cell Phone Chargers),发布时间：2019-02-26 19:46:41,状态： 集结已结束
http://www.dhresource.com/fc/s009/zougang/NA8/42.jpg,cable organizers,建议售价： US $1.05 / Piece- US $2.05 / Piece,所属类目： 手机和手机附件(Cell Phones & Accessories)>手机附件(Cell Phone Accessories)>手机挂件和装饰品(Cell Phone Straps & Charms),发布时间：2019-02-26 19:46:41,状态： 集结已结束
http://www.dhresource.com/fc/s009/zougang/NA8/40.jpg,Cell Phone Memory Cards,建议售价： US $1.8 / Piece- US $18.0 / Piece,所属类目： 手机和手机附件(Cell Phones & Accessories)>手机附件(Cell Phone Accessories)>手机存储卡及手机U盘(Cell Phone Memory Cards & Usb Stick),发布时间：2019-02-26 19:46:41,状态： 集结已结束
http://www.dhresource.com/fc/s009/zougang/NA8/46.jpg,Mini Bluetooth Earphones,建议售价： US $3.9 / Piece- US $28.1 / Piece,所属类目： 手机和手机附件(Cell Phones & Accessories)>手机附件(Cell Phone Accessories)>耳机(Cell Phone Earphones),发布时间：2019-02-26 19:46:41,状态： 集结已结束
http://www.dhresource.com/fc/s009/zougang/NA8/44.jpg,Woven Grid Cases,建议售价： US $0.3 / Piece- US $9.1 / Piece,所属类目： 手机和手机附件(Cell Phones & Accessories)>手机附件(Cell Phone Accessories)>手机保护壳/皮套/臂带(Cell Phone Cases),发布时间：2019-02-26 19:46:41,状态： 集结已结束
http://www.dhresource.com/fc/s009/zougang/NA8/51.jpg,Car charger,建议售价： US $0.3 / Piece- US $9.1 / Piece,所属类目： 手机和手机附件(Cell Phones & Accessories)>手机附件(Cell Phone Accessories)>手机充电器(Cell Phone Chargers),发布时间：2019-02-26 19:46:41,状态： 集结已结束
http://www.dhresource.com/fc/s009/zougang/NA8/12.jpg,G9 Greenlightvapes G-Box Mod,建议售价： US $9.95 / Piece- US $22.35 / Piece,所属类目： 消费类电子(Electronics)>电子烟及附配件(Electronic Cigarettes)>电子烟主体(E-cigarette Mods),发布时间：2019-02-26 19:43:00,状态： 集结已结束
http://www.dhresource.com/fc/s009/zougang/NA8/11.jpg,Think Vape Thor Pro 220W TC Box MOD,建议售价： US $26.15 / Piece- US $32.32 / Piece,所属类目： 消费类电子(Electronics)>电子烟及附配件(Electronic Cigarettes)>电子烟主体(E-cigarette Mods),发布时间：2019-02-26 19:43:00,状态： 集结已结束
http://www.dhresource.com/fc/s009/zougang/NA8/14.jpg,Freemax Twister 80W Starter Kits,建议售价： US $28.6 / Piece- US $31.1 / Piece,所属类目： 消费类电子(Electronics)>电子烟及附配件(Electronic Cigarettes)>电子烟套装(E-cigarette Kits),发布时间：2019-02-26 19:43:00,状态： 集结已结束
http://www.dhresource.com/fc/s009/zougang/NA8/13.jpg,H Key Variable Voltage 510 Battery,建议售价： US $8.85 / Piece- US $9.45 / Piece,所属类目： 消费类电子(Electronics)>电子烟及附配件(Electronic Cigarettes)>电子烟主体(E-cigarette Mods),发布时间：2019-02-26 19:43:00,状态： 集结已结束
http://www.dhresource.com/fc/s009/zougang/NA8/17.jpg,2019 NBY-18 Mini Bluetooth Speakers,建议售价： US $12.04 / Piece- US $18.14 / Piece,所属类目： 消费类电子(Electronics)>音箱(Speakers)>便携音箱(Portable Speakers),发布时间：2019-02-26 19:43:00,状态： 集结已结束
http://www.dhresource.com/fc/s009/zougang/NA8/15.jpg,TT028 speaker,建议售价： US $6.44 / Piece- US $8.99 / Piece,所属类目： 消费类电子(Electronics)>音箱(Speakers)>便携音箱(Portable Speakers),发布时间：2019-02-26 19:43:00,状态： 集结已结束
http://www.dhresource.com/fc/s009/zougang/NA8/19.jpg,New Bluetooth Headset Headset,建议售价： US $13.04 / Piece- US $28.14 / Piece,所属类目： 消费类电子(Electronics)>耳机与耳塞(Headphones & Earphones),发布时间：2019-02-26 19:43:00,状态： 集结已结束
http://www.dhresource.com/fc/s009/zougang/NA8/21.jpg,Marshall Mid ANC Active Noise Cancelling headphone,建议售价： US $60.36 / Piece- US $82.75 / Piece,所属类目： 消费类电子(Electronics)>耳机与耳塞(Headphones & Earphones),发布时间：2019-02-26 19:43:00,状态： 集结已结束
http://www.dhresource.com/fc/s009/zougang/NA8/16.jpg,TG153 wireless bluetooth speaker,建议售价： US $15.84 / Piece- US $25.1 / Piece,所属类目： 消费类电子(Electronics)>音箱(Speakers)>便携音箱(Portable Speakers),发布时间：2019-02-26 19:43:00,状态： 集结已结束
http://www.dhresource.com/fc/s009/zougang/NA8/18.jpg,HiFi Retro Wireless Bluetooth Speakers BT02,建议售价： US $7.26 / Piece- US $8.68 / Piece,所属类目： 消费类电子(Electronics)>音箱(Speakers)>便携音箱(Portable Speakers),发布时间：2019-02-26 19:43:00,状态： 集结已结束
http://www.dhresource.com/fc/s009/zougang/NA8/1.jpg,OUKITEL Replaceable for NANO Vape Mini,建议售价： US $29.19 / Piece- US $34.38 / Piece,所属类目： 消费类电子(Electronics)>电子烟及附配件(Electronic Cigarettes)>电子烟套装(E-cigarette Kits),发布时间：2019-02-26 19:42:59,状态： 集结已结束
http://www.dhresource.com/fc/s009/zougang/NA8/2.jpg,e-cig Lanyard,建议售价： US $1.19 / Piece- US $1.91 / Piece,所属类目： 消费类电子(Electronics)>电子烟及附配件(Electronic Cigarettes)>电子烟配件(E-cigarette Accessories)>挂包(Cases & Bags),发布时间：2019-02-26 19:42:59,状态： 集结已结束
http://www.dhresource.com/fc/s009/zougang/NA8/3.jpg,Key Mod Battery Lokey Vape 350mah,建议售价： US $3.68 / Piece- US $4.15 / Piece,所属类目： 消费类电子(Electronics)>电子烟及附配件(Electronic Cigarettes)>电池(Batteries),发布时间：2019-02-26 19:42:59,状态： 集结已结束
http://www.dhresource.com/fc/s009/zougang/NA8/4.jpg,Dis-assembled Empty Cartridge Ceramic COCO Pods,建议售价： US $0.8 / Piece- US $1.61 / Piece,所属类目： 消费类电子(Electronics)>电子烟及附配件(Electronic Cigarettes)>扁烟(E-cigarette pod),发布时间：2019-02-26 19:42:59,状态： 集结已结束
http://www.dhresource.com/fc/s009/zougang/NA8/5.jpg,AMAZE VFIRE pod vape Kit,建议售价： US $18.9 / Piece- US $20.73 / Piece,所属类目： 消费类电子(Electronics)>电子烟及附配件(Electronic Cigarettes)>电子烟套装(E-cigarette Kits),发布时间：2019-02-26 19:42:59,状态： 集结已结束
http://www.dhresource.com/fc/s009/zougang/NA8/6.jpg,SMOANT KARAT POD,建议售价： US $11.86 / Piece- US $13.03 / Piece,所属类目： 消费类电子(Electronics)>电子烟及附配件(Electronic Cigarettes)>扁烟(E-cigarette pod),发布时间：2019-02-26 19:42:59,状态： 集结已结束
http://www.dhresource.com/fc/s009/zougang/NA8/8.jpg,Voopoo Rota Refillable Pod,建议售价： US $15.38 / Piece- US $16.88 / Piece,所属类目： 消费类电子(Electronics)>电子烟及附配件(Electronic Cigarettes)>扁烟(E-cigarette pod),发布时间：2019-02-26 19:43:00,状态： 集结已结束
http://www.dhresource.com/fc/s009/zougang/NA8/7.jpg,Joyetech ATOPACK Magic Pod,建议售价： US $15.88 / Piece- US $21.99 / Piece,所属类目： 消费类电子(Electronics)>电子烟及附配件(Electronic Cigarettes)>扁烟(E-cigarette pod),发布时间：2019-02-26 19:43:00,状态： 集结已结束
http://www.dhresource.com/fc/s009/zougang/NA8/10.jpg,Suorin Edge Starter Kit,建议售价： US $16.59 / Piece- US $18.1 / Piece,所属类目： 消费类电子(Electronics)>电子烟及附配件(Electronic Cigarettes)>电子烟套装(E-cigarette Kits),发布时间：2019-02-26 19:43:00,状态： 集结已结束
http://www.dhresource.com/fc/s009/zougang/NA8/9.jpg,Yocan Evolve 2.0 Pod Cartridge Ceramic Dual Quatz Coil,建议售价： US $5.64 / Piece- US $7.46 / Piece,所属类目： 消费类电子(Electronics)>电子烟及附配件(Electronic Cigarettes)>雾化器(Atomizers),发布时间：2019-02-26 19:43:00,状态： 集结已结束
http://www.dhresource.com/fc/s009/zougang/NA2/11.jpg,Fabric cell phone case,建议售价： US $0.5 / Piece- US $9.5 / Piece,所属类目： 手机和手机附件(Cell Phones & Accessories)>手机附件(Cell Phone Accessories)>手机保护壳/皮套/臂带(Cell Phone Cases),发布时间：2019-01-15 17:10:58,状态： 集结已结束
http://www.dhresource.com/fc/s009/zougang/NA2/13.jpg,Cute Portable Power Bank,建议售价： US $4.3 / Piece- US $5.36 / Piece,所属类目： 手机和手机附件(Cell Phones & Accessories)>手机附件(Cell Phone Accessories)>手机移动电源(Cell Phone Power Banks),发布时间：2019-01-15 17:10:58,状态： 集结已结束
http://www.dhresource.com/fc/s009/zougang/NA2/15.jpg,charger cable protector,建议售价： US $0.52 / Piece- US $0.75 / Piece,所属类目： 手机和手机附件(Cell Phones & Accessories)>手机附件(Cell Phone Accessories)>手机挂件和装饰品(Cell Phone Straps & Charms),发布时间：2019-01-15 17:10:58,状态： 集结已结束
http://www.dhresource.com/fc/s009/zougang/NA2/16.jpg,Cell Phone Batteries,建议售价： US $1.5 / Piece- US $2.5 / Piece,所属类目： 手机和手机附件(Cell Phones & Accessories)>手机附件(Cell Phone Accessories)>手机电池(Cell Phone Batteries),发布时间：2019-01-15 17:10:58,状态： 集结已结束
http://www.dhresource.com/fc/s009/zougang/NA2/18.jpg,Earphones protector,建议售价： US $0.3 / Piece- US $9.2 / Piece,所属类目： 手机和手机附件(Cell Phones & Accessories)>手机附件(Cell Phone Accessories)>耳机(Cell Phone Earphones),发布时间：2019-01-15 17:10:58,状态： 集结已结束
http://www.dhresource.com/fc/s009/zougang/NA2/21.jpg,Cell Phone Earphones,建议售价： US $3.9 / Piece- US $28.1 / Piece,所属类目： 手机和手机附件(Cell Phones & Accessories)>手机附件(Cell Phone Accessories)>耳机(Cell Phone Earphones),发布时间：2019-01-15 17:10:58,状态： 集结已结束
http://www.dhresource.com/fc/s009/zougang/NA2/23.jpg,TWS Wireless Earbuds,建议售价： US $3.9 / Piece- US $28.1 / Piece,所属类目： 手机和手机附件(Cell Phones & Accessories)>手机附件(Cell Phone Accessories)>耳机(Cell Phone Earphones),发布时间：2019-01-15 17:10:58,状态： 集结已结束
http://www.dhresource.com/fc/s009/zougang/NA2/12.jpg,cell phone game controller,建议售价： US $0.77 / Piece- US $2.18 / Piece,所属类目： 手机和手机附件(Cell Phones & Accessories)>手机附件(Cell Phone Accessories)>手游配件(Cell Phone Game Accessories),发布时间：2019-01-15 17:10:58,状态： 集结已结束
http://www.dhresource.com/fc/s009/zougang/NA2/25.jpg,Wireless charger,建议售价： US $3.9 / Piece- US $10.0 / Piece,所属类目： 手机和手机附件(Cell Phones & Accessories)>手机附件(Cell Phone Accessories)>手机充电器(Cell Phone Chargers),发布时间：2019-01-15 17:10:58,状态： 集结已结束
http://www.dhresource.com/fc/s009/zougang/NA2/14.jpg,mini cell phone power bank,建议售价： US $3.25 / Piece- US $4.69 / Piece,所属类目： 手机和手机附件(Cell Phones & Accessories)>手机附件(Cell Phone Accessories)>手机移动电源(Cell Phone Power Banks),发布时间：2019-01-15 17:10:58,状态： 集结已结束
http://www.dhresource.com/fc/s009/zougang/NA2/27.jpg,Car charger,建议售价： US $0.3 / Piece- US $9.1 / Piece,所属类目： 手机和手机附件(Cell Phones & Accessories)>手机附件(Cell Phone Accessories)>手机充电器(Cell Phone Chargers),发布时间：2019-01-15 17:10:58,状态： 集结已结束
http://www.dhresource.com/fc/s009/zougang/NA2/17.jpg,Woven Grid Cases,建议售价： US $0.3 / Piece- US $9.1 / Piece,所属类目： 手机和手机附件(Cell Phones & Accessories)>手机附件(Cell Phone Accessories)>手机保护壳/皮套/臂带(Cell Phone Cases),发布时间：2019-01-15 17:10:58,状态： 集结已结束
http://www.dhresource.com/fc/s009/zougang/NA2/29.jpg,Mobile phone support,建议售价： US $3.9 / Piece- US $8.9 / Piece,所属类目： 手机和手机附件(Cell Phones & Accessories)>手机附件(Cell Phone Accessories)>手机支架/底座(Cell Phone Mounts & Holders),发布时间：2019-01-15 17:10:58,状态： 集结已结束
http://www.dhresource.com/fc/s009/zougang/NA2/19.jpg,Portable data cable,建议售价： US $0.3 / Piece- US $9.3 / Piece,所属类目： 手机和手机附件(Cell Phones & Accessories)>手机附件(Cell Phone Accessories)>手机线材(Cell Phone Cables),发布时间：2019-01-15 17:10:58,状态： 集结已结束
http://www.dhresource.com/fc/s009/zougang/NA2/20.jpg,Magnetic phone case,建议售价： US $1.9 / Piece- US $20.1 / Piece,所属类目： 手机和手机附件(Cell Phones & Accessories)>手机附件(Cell Phone Accessories)>手机保护壳/皮套/臂带(Cell Phone Cases),发布时间：2019-01-15 17:10:58,状态： 集结已结束
http://www.dhresource.com/fc/s009/zougang/NA2/22.jpg,Mini Bluetooth Earphones,建议售价： US $3.9 / Piece- US $28.1 / Piece,所属类目： 手机和手机附件(Cell Phones & Accessories)>手机附件(Cell Phone Accessories)>耳机(Cell Phone Earphones),发布时间：2019-01-15 17:10:58,状态： 集结已结束
http://www.dhresource.com/fc/s009/zougang/NA2/24.jpg,Twins Mini Bluetooth Earphone,建议售价： US $3.9 / Piece- US $12.0 / Piece,所属类目： 手机和手机附件(Cell Phones & Accessories)>手机附件(Cell Phone Accessories)>耳机(Cell Phone Earphones),发布时间：2019-01-15 17:10:59,状态： 集结已结束
http://www.dhresource.com/fc/s009/zougang/NA2/26.jpg,Wireless Charger Car Wireless Charger Gravity Car Holder,建议售价： US $4.9 / Piece- US $30.0 / Piece,所属类目： 手机和手机附件(Cell Phones & Accessories)>手机附件(Cell Phone Accessories)>手机充电器(Cell Phone Chargers),发布时间：2019-01-15 17:10:59,状态： 集结已结束
http://www.dhresource.com/fc/s009/zougang/NA2/4.jpg,New Bluetooth Headset Headset,建议售价： US $13.04 / Piece- US $28.14 / Piece,所属类目： 消费类电子(Electronics)>耳机与耳塞(Headphones & Earphones),发布时间：2019-01-15 17:09:15,状态： 集结已结束
http://www.dhresource.com/fc/s009/zougang/NA2/6.jpg,Marshall Mid ANC Active Noise Cancelling headphone,建议售价： US $60.36 / Piece- US $82.75 / Piece,所属类目： 消费类电子(Electronics)>耳机与耳塞(Headphones & Earphones),发布时间：2019-01-15 17:09:15,状态： 集结已结束
http://www.dhresource.com/fc/s009/zougang/NA2/8.jpg,GM-1 Gaming Earphone,建议售价： US $14.65 / Piece- US $20.98 / Piece,所属类目： 消费类电子(Electronics)>耳机与耳塞(Headphones & Earphones),发布时间：2019-01-15 17:09:15,状态： 集结已结束
http://www.dhresource.com/fc/s009/zougang/NA2/3.jpg,HiFi Retro Wireless Bluetooth Speakers BT02,建议售价： US $7.26 / Piece- US $8.68 / Piece,所属类目： 消费类电子(Electronics)>音箱(Speakers)>便携音箱(Portable Speakers),发布时间：2019-01-15 17:09:15,状态： 集结已结束
http://www.dhresource.com/fc/s009/zougang/NA2/5.jpg,Headphones gaming headset,建议售价： US $22.04 / Piece- US $28.14 / Piece,所属类目： 消费类电子(Electronics)>耳机与耳塞(Headphones & Earphones),发布时间：2019-01-15 17:09:15,状态： 集结已结束
http://www.dhresource.com/fc/s009/zougang/NA2/7.jpg,YG320 Mini Projector,建议售价： US $42.55 / Piece- US $46.27 / Piece,所属类目： 消费类电子(Electronics)>投影仪及附件(Projectors & Accessories)>投影仪(Projectors),发布时间：2019-01-15 17:09:15,状态： 集结已结束
http://www.dhresource.com/fc/s009/zougang/NA2/9.jpg,LED Lamp Speaker,建议售价： US $12.59 / Piece- US $25.79 / Piece,所属类目： 消费类电子(Electronics)>音箱(Speakers)>便携音箱(Portable Speakers),发布时间：2019-01-15 17:09:16,状态： 集结已结束
http://www.dhresource.com/fc/s009/zougang/NA2/10.jpg,TV Loudspeaker,建议售价： US $9.45 / Piece- US $11.53 / Piece,所属类目： 消费类电子(Electronics)>音箱(Speakers)>便携音箱(Portable Speakers),发布时间：2019-01-15 17:09:16,状态： 集结已结束
http://www.dhresource.com/fc/s009/zougang/NA2/2.jpg,2019 NBY-18 Mini Bluetooth Speakers,建议售价： US $12.04 / Piece- US $18.14 / Piece,所属类目： 消费类电子(Electronics)>音箱(Speakers)>便携音箱(Portable Speakers),发布时间：2019-01-15 17:09:14,状态： 集结已结束
http://www.dhresource.com/fc/s009/zougang/NA2/1.jpg,TG153 wireless bluetooth speaker,建议售价： US $15.84 / Piece- US $25.1 / Piece,所属类目： 消费类电子(Electronics)>音箱(Speakers)>便携音箱(Portable Speakers),发布时间：2019-01-15 17:09:15,状态： 集结已结束
http://www.dhresource.com/fc/s009/zougang/NA52/26.jpg,Cute Portable Power Bank,建议售价： US $4.3 / Piece- US $5.36 / Piece,所属类目： 手机和手机附件(Cell Phones & Accessories)>手机附件(Cell Phone Accessories)>手机移动电源(Cell Phone Power Banks),发布时间：2019-01-02 10:14:46,状态： 集结已结束
http://www.dhresource.com/fc/s009/zougang/NA52/25.jpg,cell phone game controller,建议售价： US $0.77 / Piece- US $2.18 / Piece,所属类目： 手机和手机附件(Cell Phones & Accessories)>手机附件(Cell Phone Accessories)>手游配件(Cell Phone Game Accessories),发布时间：2019-01-02 10:14:46,状态： 集结已结束
